{"cameraMode":{"drawMode":0,"name":"Shaded","section":"Shading Mode"},"sceneLighting":true,"audioPlay":false,"sceneViewState":{"showFog":true,"showMaterialUpdate":false,"showSkybox":true,"showFlares":true,"showImageEffects":true,"showParticleSystems":true,"showVisualEffectGraphs":true,"m_FxEnabled":true},"in2DMode":false,"pivot":{"x":0.9018242955207825,"y":-5.816588401794434,"z":-8.486553192138672},"rotation":{"x":0.02273830585181713,"y":-0.9252936244010925,"z":0.37418481707572939,"w":0.055125586688518527},"size":11.366201400756836,"orthographic":false}